<?xml version="1.0" encoding="UTF-8"?>
<project-private xmlns="http://www.netbeans.org/ns/project-private/1">
    <editor-bookmarks xmlns="http://www.netbeans.org/ns/editor-bookmarks/2" lastBookmarkId="0"/>
    <open-files xmlns="http://www.netbeans.org/ns/projectui-open-files/2">
        <group>
            <file>file:/opt/lampp/htdocs/agtm/register.php</file>
            <file>file:/opt/lampp/htdocs/agtm/admin/add_category.php</file>
            <file>file:/opt/lampp/htdocs/agtm/admin/try.php</file>
            <file>file:/opt/lampp/htdocs/agtm/admin/includes/left_sidebar.php</file>
        </group>
    </open-files>
</project-private>
